{"cameraMode":{"drawMode":0,"name":"Shaded","section":"Shading Mode"},"sceneLighting":true,"audioPlay":false,"sceneViewState":{"m_AlwaysRefresh":false,"showFog":true,"showSkybox":true,"showFlares":true,"showImageEffects":true,"showParticleSystems":true,"showVisualEffectGraphs":true,"m_FxEnabled":true},"in2DMode":false,"pivot":{"x":404.08697509765627,"y":703.9972534179688,"z":-16.120349884033204},"rotation":{"x":0.09367858618497849,"y":-0.004486164078116417,"z":0.00042069153278134763,"w":0.9956743717193604},"size":189.6053009033203,"orthographic":false}