{"cameraMode":{"drawMode":0,"name":"Shaded","section":"Shading Mode"},"sceneLighting":true,"audioPlay":false,"sceneViewState":{"m_AlwaysRefresh":false,"showFog":true,"showSkybox":true,"showFlares":true,"showImageEffects":true,"showParticleSystems":true,"showVisualEffectGraphs":true,"m_FxEnabled":true},"in2DMode":false,"pivot":{"x":805.9412231445313,"y":712.9896850585938,"z":-28.806644439697267},"rotation":{"x":0.0038094455376267435,"y":0.011495063081383706,"z":-0.00004481033465708606,"w":1.0000097751617432},"size":489.6734619140625,"orthographic":false}